{"cameraMode":{"drawMode":0,"name":"Shaded","section":"Shading Mode"},"sceneLighting":false,"audioPlay":false,"sceneViewState":{"m_AlwaysRefresh":false,"showFog":true,"showSkybox":false,"showFlares":true,"showImageEffects":true,"showParticleSystems":true,"showVisualEffectGraphs":true,"m_FxEnabled":true},"in2DMode":false,"pivot":{"x":138.4499969482422,"y":2.6399998664855959,"z":-2.0399999618530275},"rotation":{"x":0.007834119722247124,"y":0.9775793552398682,"z":-0.2071474939584732,"w":0.03697099909186363},"size":2.9160773754119875,"orthographic":false}