{"cameraMode":{"drawMode":0,"name":"Shaded","section":"Shading Mode"},"sceneLighting":true,"audioPlay":false,"sceneViewState":{"m_AlwaysRefresh":false,"showFog":true,"showSkybox":true,"showFlares":true,"showImageEffects":true,"showParticleSystems":true,"showVisualEffectGraphs":true,"m_FxEnabled":true},"in2DMode":false,"pivot":{"x":-0.8366467952728272,"y":9.665258407592774,"z":44.72602844238281},"rotation":{"x":-0.019955281168222429,"y":-0.9676257967948914,"z":0.23833125829696656,"w":-0.08094402402639389},"size":16.26801300048828,"orthographic":true}