{"cameraMode":{"drawMode":0,"name":"Shaded","section":"Shading Mode"},"sceneLighting":true,"audioPlay":false,"sceneViewState":{"m_AlwaysRefresh":false,"showFog":true,"showSkybox":true,"showFlares":true,"showImageEffects":true,"showParticleSystems":true,"showVisualEffectGraphs":true,"m_FxEnabled":true},"in2DMode":false,"pivot":{"x":45.35797119140625,"y":25.148284912109376,"z":-5.742218017578125},"rotation":{"x":-0.006841307505965233,"y":0.9904134273529053,"z":-0.12727834284305573,"w":-0.05323568359017372},"size":76.35043334960938,"orthographic":false}