{"cameraMode":{"drawMode":0,"name":"Shaded","section":"Shading Mode"},"sceneLighting":true,"audioPlay":false,"sceneViewState":{"m_AlwaysRefresh":false,"showFog":true,"showSkybox":true,"showFlares":true,"showImageEffects":true,"showParticleSystems":true,"showVisualEffectGraphs":true,"m_FxEnabled":true},"in2DMode":false,"pivot":{"x":63.80012130737305,"y":26.092872619628908,"z":-13.846436500549317},"rotation":{"x":-0.006841307505965233,"y":0.9904134273529053,"z":-0.12727834284305573,"w":-0.05323568359017372},"size":24.393678665161134,"orthographic":false}