{"cameraMode":{"drawMode":0,"name":"Shaded","section":"Shading Mode"},"sceneLighting":true,"audioPlay":false,"sceneViewState":{"m_AlwaysRefresh":false,"showFog":true,"showSkybox":true,"showFlares":true,"showImageEffects":true,"showParticleSystems":true,"showVisualEffectGraphs":true,"m_FxEnabled":true},"in2DMode":false,"pivot":{"x":73.53820037841797,"y":7.139106750488281,"z":1.4504022598266602},"rotation":{"x":0.007834119722247124,"y":0.9775793552398682,"z":-0.2071474939584732,"w":0.03697099909186363},"size":31.115541458129884,"orthographic":false}