{"cameraMode":{"drawMode":0,"name":"Shaded","section":"Shading Mode"},"sceneLighting":true,"audioPlay":false,"sceneViewState":{"m_AlwaysRefresh":false,"showFog":true,"showSkybox":true,"showFlares":true,"showImageEffects":true,"showParticleSystems":true,"showVisualEffectGraphs":true,"m_FxEnabled":true},"in2DMode":false,"pivot":{"x":113.78121948242188,"y":13.175046920776368,"z":1.8118743896484376},"rotation":{"x":0.007834119722247124,"y":0.9775793552398682,"z":-0.2071474939584732,"w":0.03697099909186363},"size":91.81270599365235,"orthographic":false}