{"cameraMode":{"drawMode":0,"name":"Shaded","section":"Shading Mode"},"sceneLighting":true,"audioPlay":false,"sceneViewState":{"m_AlwaysRefresh":false,"showFog":true,"showSkybox":false,"showFlares":true,"showImageEffects":true,"showParticleSystems":true,"showVisualEffectGraphs":true,"m_FxEnabled":true},"in2DMode":false,"pivot":{"x":-0.557894766330719,"y":0.1743847131729126,"z":1.4505598545074463},"rotation":{"x":0.07404112070798874,"y":0.9251983165740967,"z":-0.28195491433143618,"w":0.24295631051063538},"size":0.5771569013595581,"orthographic":false}