{"cameraMode":{"drawMode":0,"name":"Shaded","section":"Shading Mode"},"sceneLighting":true,"audioPlay":false,"sceneViewState":{"m_AlwaysRefresh":false,"showFog":true,"showSkybox":false,"showFlares":true,"showImageEffects":true,"showParticleSystems":true,"showVisualEffectGraphs":true,"m_FxEnabled":true},"in2DMode":false,"pivot":{"x":0.11544016003608704,"y":0.02183036506175995,"z":-0.07693791389465332},"rotation":{"x":-0.036702245473861697,"y":0.9528208374977112,"z":-0.12826313078403474,"w":-0.2726460099220276},"size":0.9748846888542175,"orthographic":false}